input,target
"<Text2RDF> !Oka Tokat was a Philippine paranormal horror-action-thriller drama which originally aired on ABS-CBN from June 24, 1997 to May 7, 2002 every Tuesday night replacing Abangan ang Susunod na Kabanata. It starred Ricky Davao, Carmina Villaroel, Diether Ocampo, Jericho Rosales, Angelika Dela Cruz, Rica Peralejo, Paolo Contis, and Agot Isidro. Then later, Shaina Magdayao, Alwyn Uytingco, Joy Chiong, Jiro Manio and Emman Abeleda on its reformat of the series. Its title is the reverse spelling of the phrase Takot ako! (I'm scared!); hence, the exclamation point at the beginning. It was the longest-running horror-action-thriller series on Philippine television, every Tuesday nights right after the local drama TV series Esperanza. Later in November 2001, !Oka Tokat was later reformatted as a horror-comedy adventure series. It revolves around a group of five children (portrayed by Magdayao, Uytingco, Chiong, Manio, and Abeleda) as they visit through numerous haunted places (e.g. Horror House). It was re-aired on ABS-CBN's cable channel, Jeepney TV. This series was also streaming on Jeepney TV's own YouTube Channel every 8:00 pm.",<SOT> <SUBJ> dbr:!Oka_Tokat <PRED> dbo:director <OBJ> dbr:Rez_Cortez <EOT> <SOT> <SUBJ> dbr:!Oka_Tokat <PRED> dbo:director <OBJ> dbr:Ricky_Davao <EOT> <SOT> <SUBJ> dbr:!Oka_Tokat <PRED> dbo:director <OBJ> dbr:Michael_de_Mesa <EOT> <SOT> <SUBJ> dbr:!Oka_Tokat <PRED> dbo:starring <OBJ> dbr:Rica_Peralejo <EOT> <SOT> <SUBJ> dbr:!Oka_Tokat <PRED> dbo:starring <OBJ> dbr:Ricky_Davao <EOT> <SOT> <SUBJ> dbr:!Oka_Tokat <PRED> dbo:starring <OBJ> dbr:Ang_TV <EOT> <SOT> <SUBJ> dbr:!Oka_Tokat <PRED> dbo:starring <OBJ> dbr:Angelika_Dela_Cruz <EOT> <SOT> <SUBJ> dbr:!Oka_Tokat <PRED> dbo:starring <OBJ> dbr:Agot_Isidro <EOT> <SOT> <SUBJ> dbr:!Oka_Tokat <PRED> dbo:starring <OBJ> dbr:Alessandra_De_Rossi <EOT> <SOT> <SUBJ> dbr:!Oka_Tokat <PRED> dbo:starring <OBJ> dbr:Paolo_Contis <EOT> <SOT> <SUBJ> dbr:!Oka_Tokat <PRED> dbo:starring <OBJ> dbr:Carmina_Villaroel <EOT> <SOT> <SUBJ> dbr:!Oka_Tokat <PRED> dbo:starring <OBJ> dbr:Jericho_Rosales <EOT> <SOT> <SUBJ> dbr:!Oka_Tokat <PRED> dbo:starring <OBJ> dbr:Diether_Ocampo <EOT>
<RDF2Text> <SOT> <SUBJ> dbr:!Oka_Tokat <PRED> dbo:director <OBJ> dbr:Rez_Cortez <EOT> <SOT> <SUBJ> dbr:!Oka_Tokat <PRED> dbo:director <OBJ> dbr:Ricky_Davao <EOT> <SOT> <SUBJ> dbr:!Oka_Tokat <PRED> dbo:director <OBJ> dbr:Michael_de_Mesa <EOT> <SOT> <SUBJ> dbr:!Oka_Tokat <PRED> dbo:starring <OBJ> dbr:Rica_Peralejo <EOT> <SOT> <SUBJ> dbr:!Oka_Tokat <PRED> dbo:starring <OBJ> dbr:Ricky_Davao <EOT> <SOT> <SUBJ> dbr:!Oka_Tokat <PRED> dbo:starring <OBJ> dbr:Ang_TV <EOT> <SOT> <SUBJ> dbr:!Oka_Tokat <PRED> dbo:starring <OBJ> dbr:Angelika_Dela_Cruz <EOT> <SOT> <SUBJ> dbr:!Oka_Tokat <PRED> dbo:starring <OBJ> dbr:Agot_Isidro <EOT> <SOT> <SUBJ> dbr:!Oka_Tokat <PRED> dbo:starring <OBJ> dbr:Alessandra_De_Rossi <EOT> <SOT> <SUBJ> dbr:!Oka_Tokat <PRED> dbo:starring <OBJ> dbr:Paolo_Contis <EOT> <SOT> <SUBJ> dbr:!Oka_Tokat <PRED> dbo:starring <OBJ> dbr:Carmina_Villaroel <EOT> <SOT> <SUBJ> dbr:!Oka_Tokat <PRED> dbo:starring <OBJ> dbr:Jericho_Rosales <EOT> <SOT> <SUBJ> dbr:!Oka_Tokat <PRED> dbo:starring <OBJ> dbr:Diether_Ocampo <EOT>,"!Oka Tokat was a Philippine paranormal horror-action-thriller drama which originally aired on ABS-CBN from June 24, 1997 to May 7, 2002 every Tuesday night replacing Abangan ang Susunod na Kabanata. It starred Ricky Davao, Carmina Villaroel, Diether Ocampo, Jericho Rosales, Angelika Dela Cruz, Rica Peralejo, Paolo Contis, and Agot Isidro. Then later, Shaina Magdayao, Alwyn Uytingco, Joy Chiong, Jiro Manio and Emman Abeleda on its reformat of the series. Its title is the reverse spelling of the phrase Takot ako! (I'm scared!); hence, the exclamation point at the beginning. It was the longest-running horror-action-thriller series on Philippine television, every Tuesday nights right after the local drama TV series Esperanza. Later in November 2001, !Oka Tokat was later reformatted as a horror-comedy adventure series. It revolves around a group of five children (portrayed by Magdayao, Uytingco, Chiong, Manio, and Abeleda) as they visit through numerous haunted places (e.g. Horror House). It was re-aired on ABS-CBN's cable channel, Jeepney TV. This series was also streaming on Jeepney TV's own YouTube Channel every 8:00 pm."
<SOT> <SUBJ> dbr:!Oka_Tokat <PRED> dbo:director <OBJ> <MASK> <EOT>,<SOT> <SUBJ> dbr:!Oka_Tokat <PRED> dbo:director <OBJ> dbr:Rez_Cortez <EOT>
<SOT> <SUBJ> <MASK> <PRED> dbo:director <OBJ> <MASK> <EOT>,<SOT> <SUBJ> dbr:!Oka_Tokat <PRED> dbo:director <OBJ> dbr:Rez_Cortez <EOT>
<CONTINUERDF> <SOT> <SUBJ> dbr:!Oka_Tokat <PRED> dbo:starring <OBJ> dbr:Jericho_Rosales <EOT>,<SOT> <SUBJ> dbr:!Oka_Tokat <PRED> dbo:director <OBJ> dbr:Michael_de_Mesa <EOT>
<SOT> <SUBJ> dbr:!Oka_Tokat <PRED> <MASK> <OBJ> dbr:Ricky_Davao <EOT>,<SOT> <SUBJ> dbr:!Oka_Tokat <PRED> dbo:director <OBJ> dbr:Ricky_Davao <EOT>
<SOT> <SUBJ> <MASK> <PRED> dbo:director <OBJ> <MASK> <EOT>,<SOT> <SUBJ> dbr:!Oka_Tokat <PRED> dbo:director <OBJ> dbr:Ricky_Davao <EOT>
<CONTINUERDF> <SOT> <SUBJ> dbr:!Oka_Tokat <PRED> dbo:director <OBJ> dbr:Ricky_Davao <EOT>,<SOT> <SUBJ> dbr:!Oka_Tokat <PRED> dbo:starring <OBJ> dbr:Rica_Peralejo <EOT>
<SOT> <SUBJ> <MASK> <PRED> dbo:director <OBJ> dbr:Michael_de_Mesa <EOT>,<SOT> <SUBJ> dbr:!Oka_Tokat <PRED> dbo:director <OBJ> dbr:Michael_de_Mesa <EOT>
<CONTINUERDF> <SOT> <SUBJ> dbr:!Oka_Tokat <PRED> dbo:starring <OBJ> dbr:Agot_Isidro <EOT>,<SOT> <SUBJ> dbr:!Oka_Tokat <PRED> dbo:director <OBJ> dbr:Rez_Cortez <EOT>
<SOT> <SUBJ> <MASK> <PRED> dbo:starring <OBJ> dbr:Rica_Peralejo <EOT>,<SOT> <SUBJ> dbr:!Oka_Tokat <PRED> dbo:starring <OBJ> dbr:Rica_Peralejo <EOT>
<CONTINUERDF> <SOT> <SUBJ> dbr:!Oka_Tokat <PRED> dbo:starring <OBJ> dbr:Jericho_Rosales <EOT>,<SOT> <SUBJ> dbr:!Oka_Tokat <PRED> dbo:director <OBJ> dbr:Michael_de_Mesa <EOT>
<SOT> <SUBJ> <MASK> <PRED> dbo:starring <OBJ> dbr:Ricky_Davao <EOT>,<SOT> <SUBJ> dbr:!Oka_Tokat <PRED> dbo:starring <OBJ> dbr:Ricky_Davao <EOT>
<CONTINUERDF> <SOT> <SUBJ> dbr:!Oka_Tokat <PRED> dbo:starring <OBJ> dbr:Carmina_Villaroel <EOT>,<SOT> <SUBJ> dbr:!Oka_Tokat <PRED> dbo:director <OBJ> dbr:Rez_Cortez <EOT>
<SOT> <SUBJ> dbr:!Oka_Tokat <PRED> <MASK> <OBJ> dbr:Ang_TV <EOT>,<SOT> <SUBJ> dbr:!Oka_Tokat <PRED> dbo:starring <OBJ> dbr:Ang_TV <EOT>
<SOT> <SUBJ> <MASK> <PRED> <MASK> <OBJ> dbr:Ang_TV <EOT>,<SOT> <SUBJ> dbr:!Oka_Tokat <PRED> dbo:starring <OBJ> dbr:Ang_TV <EOT>
<CONTINUERDF> <SOT> <SUBJ> dbr:!Oka_Tokat <PRED> dbo:director <OBJ> dbr:Michael_de_Mesa <EOT>,<SOT> <SUBJ> dbr:!Oka_Tokat <PRED> dbo:starring <OBJ> dbr:Ang_TV <EOT>
<SOT> <SUBJ> dbr:!Oka_Tokat <PRED> dbo:starring <OBJ> <MASK> <EOT>,<SOT> <SUBJ> dbr:!Oka_Tokat <PRED> dbo:starring <OBJ> dbr:Angelika_Dela_Cruz <EOT>
<CONTINUERDF> <SOT> <SUBJ> dbr:!Oka_Tokat <PRED> dbo:starring <OBJ> dbr:Agot_Isidro <EOT>,<SOT> <SUBJ> dbr:!Oka_Tokat <PRED> dbo:director <OBJ> dbr:Ricky_Davao <EOT>
<SOT> <SUBJ> <MASK> <PRED> dbo:starring <OBJ> dbr:Agot_Isidro <EOT>,<SOT> <SUBJ> dbr:!Oka_Tokat <PRED> dbo:starring <OBJ> dbr:Agot_Isidro <EOT>
<SOT> <SUBJ> dbr:!Oka_Tokat <PRED> <MASK> <OBJ> <MASK> <EOT>,<SOT> <SUBJ> dbr:!Oka_Tokat <PRED> dbo:starring <OBJ> dbr:Agot_Isidro <EOT>
<CONTINUERDF> <SOT> <SUBJ> dbr:!Oka_Tokat <PRED> dbo:starring <OBJ> dbr:Angelika_Dela_Cruz <EOT>,<SOT> <SUBJ> dbr:!Oka_Tokat <PRED> dbo:starring <OBJ> dbr:Ang_TV <EOT>
<SOT> <SUBJ> dbr:!Oka_Tokat <PRED> <MASK> <OBJ> dbr:Alessandra_De_Rossi <EOT>,<SOT> <SUBJ> dbr:!Oka_Tokat <PRED> dbo:starring <OBJ> dbr:Alessandra_De_Rossi <EOT>
<CONTINUERDF> <SOT> <SUBJ> dbr:!Oka_Tokat <PRED> dbo:starring <OBJ> dbr:Carmina_Villaroel <EOT>,<SOT> <SUBJ> dbr:!Oka_Tokat <PRED> dbo:starring <OBJ> dbr:Alessandra_De_Rossi <EOT>
<SOT> <SUBJ> <MASK> <PRED> dbo:starring <OBJ> dbr:Paolo_Contis <EOT>,<SOT> <SUBJ> dbr:!Oka_Tokat <PRED> dbo:starring <OBJ> dbr:Paolo_Contis <EOT>
<CONTINUERDF> <SOT> <SUBJ> dbr:!Oka_Tokat <PRED> dbo:starring <OBJ> dbr:Jericho_Rosales <EOT>,<SOT> <SUBJ> dbr:!Oka_Tokat <PRED> dbo:director <OBJ> dbr:Rez_Cortez <EOT>
<SOT> <SUBJ> dbr:!Oka_Tokat <PRED> dbo:starring <OBJ> <MASK> <EOT>,<SOT> <SUBJ> dbr:!Oka_Tokat <PRED> dbo:starring <OBJ> dbr:Carmina_Villaroel <EOT>
<CONTINUERDF> <SOT> <SUBJ> dbr:!Oka_Tokat <PRED> dbo:starring <OBJ> dbr:Agot_Isidro <EOT>,<SOT> <SUBJ> dbr:!Oka_Tokat <PRED> dbo:starring <OBJ> dbr:Jericho_Rosales <EOT>
<SOT> <SUBJ> <MASK> <PRED> dbo:starring <OBJ> dbr:Jericho_Rosales <EOT>,<SOT> <SUBJ> dbr:!Oka_Tokat <PRED> dbo:starring <OBJ> dbr:Jericho_Rosales <EOT>
<CONTINUERDF> <SOT> <SUBJ> dbr:!Oka_Tokat <PRED> dbo:director <OBJ> dbr:Rez_Cortez <EOT>,<SOT> <SUBJ> dbr:!Oka_Tokat <PRED> dbo:starring <OBJ> dbr:Agot_Isidro <EOT>
<SOT> <SUBJ> <MASK> <PRED> dbo:starring <OBJ> dbr:Diether_Ocampo <EOT>,<SOT> <SUBJ> dbr:!Oka_Tokat <PRED> dbo:starring <OBJ> dbr:Diether_Ocampo <EOT>
<CONTINUERDF> <SOT> <SUBJ> dbr:!Oka_Tokat <PRED> dbo:starring <OBJ> dbr:Rica_Peralejo <EOT>,<SOT> <SUBJ> dbr:!Oka_Tokat <PRED> dbo:starring <OBJ> dbr:Ang_TV <EOT>
"<Text2RDF> !Women Art Revolution is a 2010 documentary film directed by Lynn Hershman Leeson and distributed by Zeitgeist Films. It tracks the feminist art movement over 40 years through interviews with artists, curators, critics, and historians.",<SOT> <SUBJ> dbr:!Women_Art_Revolution <PRED> dbo:director <OBJ> dbr:Lynn_Hershman_Leeson <EOT> <SOT> <SUBJ> dbr:!Women_Art_Revolution <PRED> dbo:distributor <OBJ> dbr:Zeitgeist_Films <EOT> <SOT> <SUBJ> dbr:!Women_Art_Revolution <PRED> dbo:editing <OBJ> dbr:Lynn_Hershman_Leeson <EOT> <SOT> <SUBJ> dbr:!Women_Art_Revolution <PRED> dbo:musicComposer <OBJ> dbr:Carrie_Brownstein <EOT> <SOT> <SUBJ> dbr:!Women_Art_Revolution <PRED> dbo:producer <OBJ> dbr:Lynn_Hershman_Leeson <EOT> <SOT> <SUBJ> dbr:!Women_Art_Revolution <PRED> dbo:writer <OBJ> dbr:Lynn_Hershman_Leeson <EOT>
<RDF2Text> <SOT> <SUBJ> dbr:!Women_Art_Revolution <PRED> dbo:director <OBJ> dbr:Lynn_Hershman_Leeson <EOT> <SOT> <SUBJ> dbr:!Women_Art_Revolution <PRED> dbo:distributor <OBJ> dbr:Zeitgeist_Films <EOT> <SOT> <SUBJ> dbr:!Women_Art_Revolution <PRED> dbo:editing <OBJ> dbr:Lynn_Hershman_Leeson <EOT> <SOT> <SUBJ> dbr:!Women_Art_Revolution <PRED> dbo:musicComposer <OBJ> dbr:Carrie_Brownstein <EOT> <SOT> <SUBJ> dbr:!Women_Art_Revolution <PRED> dbo:producer <OBJ> dbr:Lynn_Hershman_Leeson <EOT> <SOT> <SUBJ> dbr:!Women_Art_Revolution <PRED> dbo:writer <OBJ> dbr:Lynn_Hershman_Leeson <EOT>,"!Women Art Revolution is a 2010 documentary film directed by Lynn Hershman Leeson and distributed by Zeitgeist Films. It tracks the feminist art movement over 40 years through interviews with artists, curators, critics, and historians."
<SOT> <SUBJ> <MASK> <PRED> dbo:director <OBJ> dbr:Lynn_Hershman_Leeson <EOT>,<SOT> <SUBJ> dbr:!Women_Art_Revolution <PRED> dbo:director <OBJ> dbr:Lynn_Hershman_Leeson <EOT>
<CONTINUERDF> <SOT> <SUBJ> dbr:!Women_Art_Revolution <PRED> dbo:editing <OBJ> dbr:Lynn_Hershman_Leeson <EOT>,<SOT> <SUBJ> dbr:!Women_Art_Revolution <PRED> dbo:musicComposer <OBJ> dbr:Carrie_Brownstein <EOT>
<SOT> <SUBJ> dbr:!Women_Art_Revolution <PRED> dbo:distributor <OBJ> <MASK> <EOT>,<SOT> <SUBJ> dbr:!Women_Art_Revolution <PRED> dbo:distributor <OBJ> dbr:Zeitgeist_Films <EOT>
<SOT> <SUBJ> <MASK> <PRED> <MASK> <OBJ> dbr:Zeitgeist_Films <EOT>,<SOT> <SUBJ> dbr:!Women_Art_Revolution <PRED> dbo:distributor <OBJ> dbr:Zeitgeist_Films <EOT>
<CONTINUERDF> <SOT> <SUBJ> dbr:!Women_Art_Revolution <PRED> dbo:editing <OBJ> dbr:Lynn_Hershman_Leeson <EOT>,<SOT> <SUBJ> dbr:!Women_Art_Revolution <PRED> dbo:distributor <OBJ> dbr:Zeitgeist_Films <EOT>
<SOT> <SUBJ> <MASK> <PRED> dbo:editing <OBJ> dbr:Lynn_Hershman_Leeson <EOT>,<SOT> <SUBJ> dbr:!Women_Art_Revolution <PRED> dbo:editing <OBJ> dbr:Lynn_Hershman_Leeson <EOT>
<CONTINUERDF> <SOT> <SUBJ> dbr:!Women_Art_Revolution <PRED> dbo:producer <OBJ> dbr:Lynn_Hershman_Leeson <EOT>,<SOT> <SUBJ> dbr:!Women_Art_Revolution <PRED> dbo:editing <OBJ> dbr:Lynn_Hershman_Leeson <EOT>
<SOT> <SUBJ> <MASK> <PRED> dbo:musicComposer <OBJ> dbr:Carrie_Brownstein <EOT>,<SOT> <SUBJ> dbr:!Women_Art_Revolution <PRED> dbo:musicComposer <OBJ> dbr:Carrie_Brownstein <EOT>
<SOT> <SUBJ> <MASK> <PRED> dbo:musicComposer <OBJ> <MASK> <EOT>,<SOT> <SUBJ> dbr:!Women_Art_Revolution <PRED> dbo:musicComposer <OBJ> dbr:Carrie_Brownstein <EOT>
<CONTINUERDF> <SOT> <SUBJ> dbr:!Women_Art_Revolution <PRED> dbo:producer <OBJ> dbr:Lynn_Hershman_Leeson <EOT>,<SOT> <SUBJ> dbr:!Women_Art_Revolution <PRED> dbo:musicComposer <OBJ> dbr:Carrie_Brownstein <EOT>
<SOT> <SUBJ> dbr:!Women_Art_Revolution <PRED> dbo:producer <OBJ> <MASK> <EOT>,<SOT> <SUBJ> dbr:!Women_Art_Revolution <PRED> dbo:producer <OBJ> dbr:Lynn_Hershman_Leeson <EOT>
<CONTINUERDF> <SOT> <SUBJ> dbr:!Women_Art_Revolution <PRED> dbo:musicComposer <OBJ> dbr:Carrie_Brownstein <EOT>,<SOT> <SUBJ> dbr:!Women_Art_Revolution <PRED> dbo:writer <OBJ> dbr:Lynn_Hershman_Leeson <EOT>
<SOT> <SUBJ> dbr:!Women_Art_Revolution <PRED> <MASK> <OBJ> dbr:Lynn_Hershman_Leeson <EOT>,<SOT> <SUBJ> dbr:!Women_Art_Revolution <PRED> dbo:writer <OBJ> dbr:Lynn_Hershman_Leeson <EOT>
<SOT> <SUBJ> <MASK> <PRED> <MASK> <OBJ> dbr:Lynn_Hershman_Leeson <EOT>,<SOT> <SUBJ> dbr:!Women_Art_Revolution <PRED> dbo:writer <OBJ> dbr:Lynn_Hershman_Leeson <EOT>
<CONTINUERDF> <SOT> <SUBJ> dbr:!Women_Art_Revolution <PRED> dbo:distributor <OBJ> dbr:Zeitgeist_Films <EOT>,<SOT> <SUBJ> dbr:!Women_Art_Revolution <PRED> dbo:editing <OBJ> dbr:Lynn_Hershman_Leeson <EOT>
"<Text2RDF> $1,000 Reward is a 1915 American short silent drama film, directed by Jack Harvey for the Thanhouser Company. It stars Madeline Fairbanks, Marion Fairbanks, .","<SOT> <SUBJ> dbr:$1,000_Reward <PRED> dbo:director <OBJ> dbr:Jack_Harvey_(actor_and_director) <EOT> <SOT> <SUBJ> dbr:$1,000_Reward <PRED> dbo:starring <OBJ> dbr:Madeline_Fairbanks <EOT> <SOT> <SUBJ> dbr:$1,000_Reward <PRED> dbo:starring <OBJ> dbr:Marion_Fairbanks <EOT> <SOT> <SUBJ> dbr:$1,000_Reward <PRED> dbo:starring <OBJ> dbr:Jane_Fairbanks <EOT>"
"<RDF2Text> <SOT> <SUBJ> dbr:$1,000_Reward <PRED> dbo:director <OBJ> dbr:Jack_Harvey_(actor_and_director) <EOT> <SOT> <SUBJ> dbr:$1,000_Reward <PRED> dbo:starring <OBJ> dbr:Madeline_Fairbanks <EOT> <SOT> <SUBJ> dbr:$1,000_Reward <PRED> dbo:starring <OBJ> dbr:Marion_Fairbanks <EOT> <SOT> <SUBJ> dbr:$1,000_Reward <PRED> dbo:starring <OBJ> dbr:Jane_Fairbanks <EOT>","$1,000 Reward is a 1915 American short silent drama film, directed by Jack Harvey for the Thanhouser Company. It stars Madeline Fairbanks, Marion Fairbanks, ."
"<SOT> <SUBJ> dbr:$1,000_Reward <PRED> dbo:director <OBJ> <MASK> <EOT>","<SOT> <SUBJ> dbr:$1,000_Reward <PRED> dbo:director <OBJ> dbr:Jack_Harvey_(actor_and_director) <EOT>"
"<CONTINUERDF> <SOT> <SUBJ> dbr:$1,000_Reward <PRED> dbo:starring <OBJ> dbr:Madeline_Fairbanks <EOT>","<SOT> <SUBJ> dbr:$1,000_Reward <PRED> dbo:director <OBJ> dbr:Jack_Harvey_(actor_and_director) <EOT>"
<SOT> <SUBJ> <MASK> <PRED> dbo:starring <OBJ> dbr:Madeline_Fairbanks <EOT>,"<SOT> <SUBJ> dbr:$1,000_Reward <PRED> dbo:starring <OBJ> dbr:Madeline_Fairbanks <EOT>"
"<CONTINUERDF> <SOT> <SUBJ> dbr:$1,000_Reward <PRED> dbo:starring <OBJ> dbr:Jane_Fairbanks <EOT>","<SOT> <SUBJ> dbr:$1,000_Reward <PRED> dbo:starring <OBJ> dbr:Marion_Fairbanks <EOT>"
<SOT> <SUBJ> <MASK> <PRED> dbo:starring <OBJ> dbr:Marion_Fairbanks <EOT>,"<SOT> <SUBJ> dbr:$1,000_Reward <PRED> dbo:starring <OBJ> dbr:Marion_Fairbanks <EOT>"
<SOT> <SUBJ> <MASK> <PRED> dbo:starring <OBJ> <MASK> <EOT>,"<SOT> <SUBJ> dbr:$1,000_Reward <PRED> dbo:starring <OBJ> dbr:Marion_Fairbanks <EOT>"
"<CONTINUERDF> <SOT> <SUBJ> dbr:$1,000_Reward <PRED> dbo:director <OBJ> dbr:Jack_Harvey_(actor_and_director) <EOT>","<SOT> <SUBJ> dbr:$1,000_Reward <PRED> dbo:starring <OBJ> dbr:Madeline_Fairbanks <EOT>"
"<SOT> <SUBJ> dbr:$1,000_Reward <PRED> dbo:starring <OBJ> <MASK> <EOT>","<SOT> <SUBJ> dbr:$1,000_Reward <PRED> dbo:starring <OBJ> dbr:Jane_Fairbanks <EOT>"
"<CONTINUERDF> <SOT> <SUBJ> dbr:$1,000_Reward <PRED> dbo:starring <OBJ> dbr:Jane_Fairbanks <EOT>","<SOT> <SUBJ> dbr:$1,000_Reward <PRED> dbo:starring <OBJ> dbr:Marion_Fairbanks <EOT>"
"<Text2RDF> $1,000 a Touchdown is a 1939 American comedy film directed by James P. Hogan, written by Delmer Daves, and starring Joe E. Brown, Martha Raye, Eric Blore, Susan Hayward, John Hartley and Joyce Mathews. It was released on October 4, 1939, by Paramount Pictures.","<SOT> <SUBJ> dbr:$1,000_a_Touchdown <PRED> dbo:cinematography <OBJ> dbr:William_C._Mellor <EOT> <SOT> <SUBJ> dbr:$1,000_a_Touchdown <PRED> dbo:director <OBJ> dbr:James_P._Hogan_(director) <EOT> <SOT> <SUBJ> dbr:$1,000_a_Touchdown <PRED> dbo:distributor <OBJ> dbr:Paramount_Pictures <EOT> <SOT> <SUBJ> dbr:$1,000_a_Touchdown <PRED> dbo:musicComposer <OBJ> dbr:John_Leipold <EOT> <SOT> <SUBJ> dbr:$1,000_a_Touchdown <PRED> dbo:musicComposer <OBJ> dbr:Leo_Shuken <EOT> <SOT> <SUBJ> dbr:$1,000_a_Touchdown <PRED> dbo:producer <OBJ> dbr:William_C._Thomas <EOT> <SOT> <SUBJ> dbr:$1,000_a_Touchdown <PRED> dbo:starring <OBJ> dbr:Eric_Blore <EOT> <SOT> <SUBJ> dbr:$1,000_a_Touchdown <PRED> dbo:starring <OBJ> dbr:Joe_E._Brown <EOT> <SOT> <SUBJ> dbr:$1,000_a_Touchdown <PRED> dbo:starring <OBJ> dbr:Susan_Hayward <EOT> <SOT> <SUBJ> dbr:$1,000_a_Touchdown <PRED> dbo:starring <OBJ> dbr:Martha_Raye <EOT> <SOT> <SUBJ> dbr:$1,000_a_Touchdown <PRED> dbo:starring <OBJ> dbr:Joyce_Mathews <EOT> <SOT> <SUBJ> dbr:$1,000_a_Touchdown <PRED> dbo:writer <OBJ> dbr:Delmer_Daves <EOT>"
"<RDF2Text> <SOT> <SUBJ> dbr:$1,000_a_Touchdown <PRED> dbo:cinematography <OBJ> dbr:William_C._Mellor <EOT> <SOT> <SUBJ> dbr:$1,000_a_Touchdown <PRED> dbo:director <OBJ> dbr:James_P._Hogan_(director) <EOT> <SOT> <SUBJ> dbr:$1,000_a_Touchdown <PRED> dbo:distributor <OBJ> dbr:Paramount_Pictures <EOT> <SOT> <SUBJ> dbr:$1,000_a_Touchdown <PRED> dbo:musicComposer <OBJ> dbr:John_Leipold <EOT> <SOT> <SUBJ> dbr:$1,000_a_Touchdown <PRED> dbo:musicComposer <OBJ> dbr:Leo_Shuken <EOT> <SOT> <SUBJ> dbr:$1,000_a_Touchdown <PRED> dbo:producer <OBJ> dbr:William_C._Thomas <EOT> <SOT> <SUBJ> dbr:$1,000_a_Touchdown <PRED> dbo:starring <OBJ> dbr:Eric_Blore <EOT> <SOT> <SUBJ> dbr:$1,000_a_Touchdown <PRED> dbo:starring <OBJ> dbr:Joe_E._Brown <EOT> <SOT> <SUBJ> dbr:$1,000_a_Touchdown <PRED> dbo:starring <OBJ> dbr:Susan_Hayward <EOT> <SOT> <SUBJ> dbr:$1,000_a_Touchdown <PRED> dbo:starring <OBJ> dbr:Martha_Raye <EOT> <SOT> <SUBJ> dbr:$1,000_a_Touchdown <PRED> dbo:starring <OBJ> dbr:Joyce_Mathews <EOT> <SOT> <SUBJ> dbr:$1,000_a_Touchdown <PRED> dbo:writer <OBJ> dbr:Delmer_Daves <EOT>","$1,000 a Touchdown is a 1939 American comedy film directed by James P. Hogan, written by Delmer Daves, and starring Joe E. Brown, Martha Raye, Eric Blore, Susan Hayward, John Hartley and Joyce Mathews. It was released on October 4, 1939, by Paramount Pictures."
<SOT> <SUBJ> <MASK> <PRED> dbo:cinematography <OBJ> dbr:William_C._Mellor <EOT>,"<SOT> <SUBJ> dbr:$1,000_a_Touchdown <PRED> dbo:cinematography <OBJ> dbr:William_C._Mellor <EOT>"
<SOT> <SUBJ> <MASK> <PRED> dbo:cinematography <OBJ> <MASK> <EOT>,"<SOT> <SUBJ> dbr:$1,000_a_Touchdown <PRED> dbo:cinematography <OBJ> dbr:William_C._Mellor <EOT>"
"<CONTINUERDF> <SOT> <SUBJ> dbr:$1,000_a_Touchdown <PRED> dbo:writer <OBJ> dbr:Delmer_Daves <EOT>","<SOT> <SUBJ> dbr:$1,000_a_Touchdown <PRED> dbo:starring <OBJ> dbr:Joe_E._Brown <EOT>"
"<SOT> <SUBJ> dbr:$1,000_a_Touchdown <PRED> dbo:director <OBJ> <MASK> <EOT>","<SOT> <SUBJ> dbr:$1,000_a_Touchdown <PRED> dbo:director <OBJ> dbr:James_P._Hogan_(director) <EOT>"
"<CONTINUERDF> <SOT> <SUBJ> dbr:$1,000_a_Touchdown <PRED> dbo:starring <OBJ> dbr:Joe_E._Brown <EOT>","<SOT> <SUBJ> dbr:$1,000_a_Touchdown <PRED> dbo:musicComposer <OBJ> dbr:John_Leipold <EOT>"
"<SOT> <SUBJ> dbr:$1,000_a_Touchdown <PRED> dbo:distributor <OBJ> <MASK> <EOT>","<SOT> <SUBJ> dbr:$1,000_a_Touchdown <PRED> dbo:distributor <OBJ> dbr:Paramount_Pictures <EOT>"
"<CONTINUERDF> <SOT> <SUBJ> dbr:$1,000_a_Touchdown <PRED> dbo:musicComposer <OBJ> dbr:Leo_Shuken <EOT>","<SOT> <SUBJ> dbr:$1,000_a_Touchdown <PRED> dbo:musicComposer <OBJ> dbr:John_Leipold <EOT>"
"<SOT> <SUBJ> dbr:$1,000_a_Touchdown <PRED> dbo:musicComposer <OBJ> <MASK> <EOT>","<SOT> <SUBJ> dbr:$1,000_a_Touchdown <PRED> dbo:musicComposer <OBJ> dbr:John_Leipold <EOT>"
"<CONTINUERDF> <SOT> <SUBJ> dbr:$1,000_a_Touchdown <PRED> dbo:starring <OBJ> dbr:Joyce_Mathews <EOT>","<SOT> <SUBJ> dbr:$1,000_a_Touchdown <PRED> dbo:writer <OBJ> dbr:Delmer_Daves <EOT>"
"<SOT> <SUBJ> dbr:$1,000_a_Touchdown <PRED> dbo:musicComposer <OBJ> <MASK> <EOT>","<SOT> <SUBJ> dbr:$1,000_a_Touchdown <PRED> dbo:musicComposer <OBJ> dbr:Leo_Shuken <EOT>"
"<CONTINUERDF> <SOT> <SUBJ> dbr:$1,000_a_Touchdown <PRED> dbo:musicComposer <OBJ> dbr:John_Leipold <EOT>","<SOT> <SUBJ> dbr:$1,000_a_Touchdown <PRED> dbo:starring <OBJ> dbr:Susan_Hayward <EOT>"
<SOT> <SUBJ> <MASK> <PRED> dbo:producer <OBJ> dbr:William_C._Thomas <EOT>,"<SOT> <SUBJ> dbr:$1,000_a_Touchdown <PRED> dbo:producer <OBJ> dbr:William_C._Thomas <EOT>"
<SOT> <SUBJ> <MASK> <PRED> <MASK> <OBJ> dbr:William_C._Thomas <EOT>,"<SOT> <SUBJ> dbr:$1,000_a_Touchdown <PRED> dbo:producer <OBJ> dbr:William_C._Thomas <EOT>"
"<CONTINUERDF> <SOT> <SUBJ> dbr:$1,000_a_Touchdown <PRED> dbo:starring <OBJ> dbr:Martha_Raye <EOT>","<SOT> <SUBJ> dbr:$1,000_a_Touchdown <PRED> dbo:starring <OBJ> dbr:Joe_E._Brown <EOT>"
"<SOT> <SUBJ> dbr:$1,000_a_Touchdown <PRED> <MASK> <OBJ> dbr:Eric_Blore <EOT>","<SOT> <SUBJ> dbr:$1,000_a_Touchdown <PRED> dbo:starring <OBJ> dbr:Eric_Blore <EOT>"
"<SOT> <SUBJ> dbr:$1,000_a_Touchdown <PRED> <MASK> <OBJ> <MASK> <EOT>","<SOT> <SUBJ> dbr:$1,000_a_Touchdown <PRED> dbo:starring <OBJ> dbr:Eric_Blore <EOT>"
"<CONTINUERDF> <SOT> <SUBJ> dbr:$1,000_a_Touchdown <PRED> dbo:director <OBJ> dbr:James_P._Hogan_(director) <EOT>","<SOT> <SUBJ> dbr:$1,000_a_Touchdown <PRED> dbo:starring <OBJ> dbr:Martha_Raye <EOT>"
"<SOT> <SUBJ> dbr:$1,000_a_Touchdown <PRED> <MASK> <OBJ> dbr:Joe_E._Brown <EOT>","<SOT> <SUBJ> dbr:$1,000_a_Touchdown <PRED> dbo:starring <OBJ> dbr:Joe_E._Brown <EOT>"
"<CONTINUERDF> <SOT> <SUBJ> dbr:$1,000_a_Touchdown <PRED> dbo:musicComposer <OBJ> dbr:John_Leipold <EOT>","<SOT> <SUBJ> dbr:$1,000_a_Touchdown <PRED> dbo:musicComposer <OBJ> dbr:Leo_Shuken <EOT>"
"<SOT> <SUBJ> dbr:$1,000_a_Touchdown <PRED> dbo:starring <OBJ> <MASK> <EOT>","<SOT> <SUBJ> dbr:$1,000_a_Touchdown <PRED> dbo:starring <OBJ> dbr:Susan_Hayward <EOT>"
"<CONTINUERDF> <SOT> <SUBJ> dbr:$1,000_a_Touchdown <PRED> dbo:distributor <OBJ> dbr:Paramount_Pictures <EOT>","<SOT> <SUBJ> dbr:$1,000_a_Touchdown <PRED> dbo:cinematography <OBJ> dbr:William_C._Mellor <EOT>"
<SOT> <SUBJ> <MASK> <PRED> dbo:starring <OBJ> dbr:Martha_Raye <EOT>,"<SOT> <SUBJ> dbr:$1,000_a_Touchdown <PRED> dbo:starring <OBJ> dbr:Martha_Raye <EOT>"
"<CONTINUERDF> <SOT> <SUBJ> dbr:$1,000_a_Touchdown <PRED> dbo:musicComposer <OBJ> dbr:John_Leipold <EOT>","<SOT> <SUBJ> dbr:$1,000_a_Touchdown <PRED> dbo:starring <OBJ> dbr:Eric_Blore <EOT>"
"<SOT> <SUBJ> dbr:$1,000_a_Touchdown <PRED> <MASK> <OBJ> dbr:Joyce_Mathews <EOT>","<SOT> <SUBJ> dbr:$1,000_a_Touchdown <PRED> dbo:starring <OBJ> dbr:Joyce_Mathews <EOT>"
"<CONTINUERDF> <SOT> <SUBJ> dbr:$1,000_a_Touchdown <PRED> dbo:starring <OBJ> dbr:Joyce_Mathews <EOT>","<SOT> <SUBJ> dbr:$1,000_a_Touchdown <PRED> dbo:writer <OBJ> dbr:Delmer_Daves <EOT>"
"<SOT> <SUBJ> dbr:$1,000_a_Touchdown <PRED> <MASK> <OBJ> dbr:Delmer_Daves <EOT>","<SOT> <SUBJ> dbr:$1,000_a_Touchdown <PRED> dbo:writer <OBJ> dbr:Delmer_Daves <EOT>"
"<CONTINUERDF> <SOT> <SUBJ> dbr:$1,000_a_Touchdown <PRED> dbo:distributor <OBJ> dbr:Paramount_Pictures <EOT>","<SOT> <SUBJ> dbr:$1,000_a_Touchdown <PRED> dbo:starring <OBJ> dbr:Eric_Blore <EOT>"
"<Text2RDF> $10 Raise is a 1935 American comedy film directed by George Marshall, written by Henry Johnson and Lou Breslow, and starring Edward Everett Horton, Karen Morley, Alan Dinehart, Glen Boles, Berton Churchill and Rosina Lawrence. It was released on May 4, 1935, by Fox Film Corporation.",<SOT> <SUBJ> dbr:$10_Raise <PRED> dbo:cinematography <OBJ> dbr:Harry_Jackson_(cinematographer) <EOT> <SOT> <SUBJ> dbr:$10_Raise <PRED> dbo:director <OBJ> dbr:George_Marshall_(director) <EOT> <SOT> <SUBJ> dbr:$10_Raise <PRED> dbo:distributor <OBJ> dbr:Fox_Film <EOT> <SOT> <SUBJ> dbr:$10_Raise <PRED> dbo:producer <OBJ> dbr:Joseph_W._Engel <EOT> <SOT> <SUBJ> dbr:$10_Raise <PRED> dbo:starring <OBJ> dbr:Rosina_Lawrence <EOT> <SOT> <SUBJ> dbr:$10_Raise <PRED> dbo:starring <OBJ> dbr:Berton_Churchill <EOT> <SOT> <SUBJ> dbr:$10_Raise <PRED> dbo:starring <OBJ> dbr:Edward_Everett_Horton <EOT> <SOT> <SUBJ> dbr:$10_Raise <PRED> dbo:starring <OBJ> dbr:Alan_Dinehart <EOT> <SOT> <SUBJ> dbr:$10_Raise <PRED> dbo:starring <OBJ> dbr:Karen_Morley <EOT> <SOT> <SUBJ> dbr:$10_Raise <PRED> dbo:starring <OBJ> dbr:Glen_Boles <EOT> <SOT> <SUBJ> dbr:$10_Raise <PRED> dbo:writer <OBJ> dbr:Lou_Breslow <EOT>
<RDF2Text> <SOT> <SUBJ> dbr:$10_Raise <PRED> dbo:cinematography <OBJ> dbr:Harry_Jackson_(cinematographer) <EOT> <SOT> <SUBJ> dbr:$10_Raise <PRED> dbo:director <OBJ> dbr:George_Marshall_(director) <EOT> <SOT> <SUBJ> dbr:$10_Raise <PRED> dbo:distributor <OBJ> dbr:Fox_Film <EOT> <SOT> <SUBJ> dbr:$10_Raise <PRED> dbo:producer <OBJ> dbr:Joseph_W._Engel <EOT> <SOT> <SUBJ> dbr:$10_Raise <PRED> dbo:starring <OBJ> dbr:Rosina_Lawrence <EOT> <SOT> <SUBJ> dbr:$10_Raise <PRED> dbo:starring <OBJ> dbr:Berton_Churchill <EOT> <SOT> <SUBJ> dbr:$10_Raise <PRED> dbo:starring <OBJ> dbr:Edward_Everett_Horton <EOT> <SOT> <SUBJ> dbr:$10_Raise <PRED> dbo:starring <OBJ> dbr:Alan_Dinehart <EOT> <SOT> <SUBJ> dbr:$10_Raise <PRED> dbo:starring <OBJ> dbr:Karen_Morley <EOT> <SOT> <SUBJ> dbr:$10_Raise <PRED> dbo:starring <OBJ> dbr:Glen_Boles <EOT> <SOT> <SUBJ> dbr:$10_Raise <PRED> dbo:writer <OBJ> dbr:Lou_Breslow <EOT>,"$10 Raise is a 1935 American comedy film directed by George Marshall, written by Henry Johnson and Lou Breslow, and starring Edward Everett Horton, Karen Morley, Alan Dinehart, Glen Boles, Berton Churchill and Rosina Lawrence. It was released on May 4, 1935, by Fox Film Corporation."
<SOT> <SUBJ> dbr:$10_Raise <PRED> dbo:cinematography <OBJ> <MASK> <EOT>,<SOT> <SUBJ> dbr:$10_Raise <PRED> dbo:cinematography <OBJ> dbr:Harry_Jackson_(cinematographer) <EOT>
<CONTINUERDF> <SOT> <SUBJ> dbr:$10_Raise <PRED> dbo:cinematography <OBJ> dbr:Harry_Jackson_(cinematographer) <EOT>,<SOT> <SUBJ> dbr:$10_Raise <PRED> dbo:starring <OBJ> dbr:Edward_Everett_Horton <EOT>
<SOT> <SUBJ> dbr:$10_Raise <PRED> <MASK> <OBJ> dbr:George_Marshall_(director) <EOT>,<SOT> <SUBJ> dbr:$10_Raise <PRED> dbo:director <OBJ> dbr:George_Marshall_(director) <EOT>
<SOT> <SUBJ> <MASK> <PRED> <MASK> <OBJ> dbr:George_Marshall_(director) <EOT>,<SOT> <SUBJ> dbr:$10_Raise <PRED> dbo:director <OBJ> dbr:George_Marshall_(director) <EOT>
<CONTINUERDF> <SOT> <SUBJ> dbr:$10_Raise <PRED> dbo:writer <OBJ> dbr:Lou_Breslow <EOT>,<SOT> <SUBJ> dbr:$10_Raise <PRED> dbo:cinematography <OBJ> dbr:Harry_Jackson_(cinematographer) <EOT>
<SOT> <SUBJ> dbr:$10_Raise <PRED> <MASK> <OBJ> dbr:Fox_Film <EOT>,<SOT> <SUBJ> dbr:$10_Raise <PRED> dbo:distributor <OBJ> dbr:Fox_Film <EOT>
<CONTINUERDF> <SOT> <SUBJ> dbr:$10_Raise <PRED> dbo:starring <OBJ> dbr:Berton_Churchill <EOT>,<SOT> <SUBJ> dbr:$10_Raise <PRED> dbo:starring <OBJ> dbr:Edward_Everett_Horton <EOT>
<SOT> <SUBJ> dbr:$10_Raise <PRED> <MASK> <OBJ> dbr:Joseph_W._Engel <EOT>,<SOT> <SUBJ> dbr:$10_Raise <PRED> dbo:producer <OBJ> dbr:Joseph_W._Engel <EOT>
<SOT> <SUBJ> <MASK> <PRED> dbo:producer <OBJ> <MASK> <EOT>,<SOT> <SUBJ> dbr:$10_Raise <PRED> dbo:producer <OBJ> dbr:Joseph_W._Engel <EOT>
<CONTINUERDF> <SOT> <SUBJ> dbr:$10_Raise <PRED> dbo:producer <OBJ> dbr:Joseph_W._Engel <EOT>,<SOT> <SUBJ> dbr:$10_Raise <PRED> dbo:cinematography <OBJ> dbr:Harry_Jackson_(cinematographer) <EOT>
<SOT> <SUBJ> <MASK> <PRED> dbo:starring <OBJ> dbr:Rosina_Lawrence <EOT>,<SOT> <SUBJ> dbr:$10_Raise <PRED> dbo:starring <OBJ> dbr:Rosina_Lawrence <EOT>
<SOT> <SUBJ> <MASK> <PRED> <MASK> <OBJ> dbr:Rosina_Lawrence <EOT>,<SOT> <SUBJ> dbr:$10_Raise <PRED> dbo:starring <OBJ> dbr:Rosina_Lawrence <EOT>
<CONTINUERDF> <SOT> <SUBJ> dbr:$10_Raise <PRED> dbo:starring <OBJ> dbr:Karen_Morley <EOT>,<SOT> <SUBJ> dbr:$10_Raise <PRED> dbo:starring <OBJ> dbr:Edward_Everett_Horton <EOT>
<SOT> <SUBJ> <MASK> <PRED> dbo:starring <OBJ> dbr:Berton_Churchill <EOT>,<SOT> <SUBJ> dbr:$10_Raise <PRED> dbo:starring <OBJ> dbr:Berton_Churchill <EOT>
<SOT> <SUBJ> <MASK> <PRED> dbo:starring <OBJ> <MASK> <EOT>,<SOT> <SUBJ> dbr:$10_Raise <PRED> dbo:starring <OBJ> dbr:Berton_Churchill <EOT>
<CONTINUERDF> <SOT> <SUBJ> dbr:$10_Raise <PRED> dbo:distributor <OBJ> dbr:Fox_Film <EOT>,<SOT> <SUBJ> dbr:$10_Raise <PRED> dbo:starring <OBJ> dbr:Glen_Boles <EOT>
<SOT> <SUBJ> <MASK> <PRED> dbo:starring <OBJ> dbr:Edward_Everett_Horton <EOT>,<SOT> <SUBJ> dbr:$10_Raise <PRED> dbo:starring <OBJ> dbr:Edward_Everett_Horton <EOT>
<SOT> <SUBJ> dbr:$10_Raise <PRED> <MASK> <OBJ> <MASK> <EOT>,<SOT> <SUBJ> dbr:$10_Raise <PRED> dbo:starring <OBJ> dbr:Edward_Everett_Horton <EOT>
<CONTINUERDF> <SOT> <SUBJ> dbr:$10_Raise <PRED> dbo:producer <OBJ> dbr:Joseph_W._Engel <EOT>,<SOT> <SUBJ> dbr:$10_Raise <PRED> dbo:distributor <OBJ> dbr:Fox_Film <EOT>
<SOT> <SUBJ> dbr:$10_Raise <PRED> dbo:starring <OBJ> <MASK> <EOT>,<SOT> <SUBJ> dbr:$10_Raise <PRED> dbo:starring <OBJ> dbr:Alan_Dinehart <EOT>
<CONTINUERDF> <SOT> <SUBJ> dbr:$10_Raise <PRED> dbo:starring <OBJ> dbr:Rosina_Lawrence <EOT>,<SOT> <SUBJ> dbr:$10_Raise <PRED> dbo:writer <OBJ> dbr:Lou_Breslow <EOT>
<SOT> <SUBJ> dbr:$10_Raise <PRED> dbo:starring <OBJ> <MASK> <EOT>,<SOT> <SUBJ> dbr:$10_Raise <PRED> dbo:starring <OBJ> dbr:Karen_Morley <EOT>
<CONTINUERDF> <SOT> <SUBJ> dbr:$10_Raise <PRED> dbo:distributor <OBJ> dbr:Fox_Film <EOT>,<SOT> <SUBJ> dbr:$10_Raise <PRED> dbo:cinematography <OBJ> dbr:Harry_Jackson_(cinematographer) <EOT>
<SOT> <SUBJ> dbr:$10_Raise <PRED> <MASK> <OBJ> dbr:Glen_Boles <EOT>,<SOT> <SUBJ> dbr:$10_Raise <PRED> dbo:starring <OBJ> dbr:Glen_Boles <EOT>
<CONTINUERDF> <SOT> <SUBJ> dbr:$10_Raise <PRED> dbo:starring <OBJ> dbr:Rosina_Lawrence <EOT>,<SOT> <SUBJ> dbr:$10_Raise <PRED> dbo:starring <OBJ> dbr:Karen_Morley <EOT>
<SOT> <SUBJ> dbr:$10_Raise <PRED> dbo:writer <OBJ> <MASK> <EOT>,<SOT> <SUBJ> dbr:$10_Raise <PRED> dbo:writer <OBJ> dbr:Lou_Breslow <EOT>
<CONTINUERDF> <SOT> <SUBJ> dbr:$10_Raise <PRED> dbo:distributor <OBJ> dbr:Fox_Film <EOT>,<SOT> <SUBJ> dbr:$10_Raise <PRED> dbo:starring <OBJ> dbr:Glen_Boles <EOT>
"<Text2RDF> $20 a Week is a 1935 American melodrama film directed by Wesley Ford and starring James Murray, Pauline Starke, and Gwen Lee. It was released on February 2, 1935.",<SOT> <SUBJ> dbr:$20_a_Week <PRED> dbo:cinematography <OBJ> dbr:Arthur_Martinelli <EOT> <SOT> <SUBJ> dbr:$20_a_Week <PRED> dbo:distributor <OBJ> dbr:State_Rights <EOT> <SOT> <SUBJ> dbr:$20_a_Week <PRED> dbo:editing <OBJ> dbr:Fred_Bain <EOT> <SOT> <SUBJ> dbr:$20_a_Week <PRED> dbo:producer <OBJ> dbr:Burton_L._King <EOT> <SOT> <SUBJ> dbr:$20_a_Week <PRED> dbo:starring <OBJ> dbr:Pauline_Starke <EOT> <SOT> <SUBJ> dbr:$20_a_Week <PRED> dbo:starring <OBJ> dbr:Gwen_Lee <EOT> <SOT> <SUBJ> dbr:$20_a_Week <PRED> dbo:starring <OBJ> dbr:James_Murray_(American_actor) <EOT> <SOT> <SUBJ> dbr:$20_a_Week <PRED> dbo:writer <OBJ> dbr:L._V._Jefferson <EOT>
<RDF2Text> <SOT> <SUBJ> dbr:$20_a_Week <PRED> dbo:cinematography <OBJ> dbr:Arthur_Martinelli <EOT> <SOT> <SUBJ> dbr:$20_a_Week <PRED> dbo:distributor <OBJ> dbr:State_Rights <EOT> <SOT> <SUBJ> dbr:$20_a_Week <PRED> dbo:editing <OBJ> dbr:Fred_Bain <EOT> <SOT> <SUBJ> dbr:$20_a_Week <PRED> dbo:producer <OBJ> dbr:Burton_L._King <EOT> <SOT> <SUBJ> dbr:$20_a_Week <PRED> dbo:starring <OBJ> dbr:Pauline_Starke <EOT> <SOT> <SUBJ> dbr:$20_a_Week <PRED> dbo:starring <OBJ> dbr:Gwen_Lee <EOT> <SOT> <SUBJ> dbr:$20_a_Week <PRED> dbo:starring <OBJ> dbr:James_Murray_(American_actor) <EOT> <SOT> <SUBJ> dbr:$20_a_Week <PRED> dbo:writer <OBJ> dbr:L._V._Jefferson <EOT>,"$20 a Week is a 1935 American melodrama film directed by Wesley Ford and starring James Murray, Pauline Starke, and Gwen Lee. It was released on February 2, 1935."
<SOT> <SUBJ> <MASK> <PRED> dbo:cinematography <OBJ> dbr:Arthur_Martinelli <EOT>,<SOT> <SUBJ> dbr:$20_a_Week <PRED> dbo:cinematography <OBJ> dbr:Arthur_Martinelli <EOT>
<CONTINUERDF> <SOT> <SUBJ> dbr:$20_a_Week <PRED> dbo:starring <OBJ> dbr:Gwen_Lee <EOT>,<SOT> <SUBJ> dbr:$20_a_Week <PRED> dbo:writer <OBJ> dbr:L._V._Jefferson <EOT>
<SOT> <SUBJ> dbr:$20_a_Week <PRED> <MASK> <OBJ> dbr:State_Rights <EOT>,<SOT> <SUBJ> dbr:$20_a_Week <PRED> dbo:distributor <OBJ> dbr:State_Rights <EOT>
<SOT> <SUBJ> dbr:$20_a_Week <PRED> <MASK> <OBJ> <MASK> <EOT>,<SOT> <SUBJ> dbr:$20_a_Week <PRED> dbo:distributor <OBJ> dbr:State_Rights <EOT>
<CONTINUERDF> <SOT> <SUBJ> dbr:$20_a_Week <PRED> dbo:cinematography <OBJ> dbr:Arthur_Martinelli <EOT>,<SOT> <SUBJ> dbr:$20_a_Week <PRED> dbo:producer <OBJ> dbr:Burton_L._King <EOT>
<SOT> <SUBJ> <MASK> <PRED> dbo:editing <OBJ> dbr:Fred_Bain <EOT>,<SOT> <SUBJ> dbr:$20_a_Week <PRED> dbo:editing <OBJ> dbr:Fred_Bain <EOT>
<CONTINUERDF> <SOT> <SUBJ> dbr:$20_a_Week <PRED> dbo:producer <OBJ> dbr:Burton_L._King <EOT>,<SOT> <SUBJ> dbr:$20_a_Week <PRED> dbo:editing <OBJ> dbr:Fred_Bain <EOT>
<SOT> <SUBJ> dbr:$20_a_Week <PRED> <MASK> <OBJ> dbr:Burton_L._King <EOT>,<SOT> <SUBJ> dbr:$20_a_Week <PRED> dbo:producer <OBJ> dbr:Burton_L._King <EOT>
<CONTINUERDF> <SOT> <SUBJ> dbr:$20_a_Week <PRED> dbo:producer <OBJ> dbr:Burton_L._King <EOT>,<SOT> <SUBJ> dbr:$20_a_Week <PRED> dbo:writer <OBJ> dbr:L._V._Jefferson <EOT>
<SOT> <SUBJ> <MASK> <PRED> dbo:starring <OBJ> dbr:Pauline_Starke <EOT>,<SOT> <SUBJ> dbr:$20_a_Week <PRED> dbo:starring <OBJ> dbr:Pauline_Starke <EOT>
<CONTINUERDF> <SOT> <SUBJ> dbr:$20_a_Week <PRED> dbo:editing <OBJ> dbr:Fred_Bain <EOT>,<SOT> <SUBJ> dbr:$20_a_Week <PRED> dbo:cinematography <OBJ> dbr:Arthur_Martinelli <EOT>
<SOT> <SUBJ> <MASK> <PRED> dbo:starring <OBJ> dbr:Gwen_Lee <EOT>,<SOT> <SUBJ> dbr:$20_a_Week <PRED> dbo:starring <OBJ> dbr:Gwen_Lee <EOT>
<CONTINUERDF> <SOT> <SUBJ> dbr:$20_a_Week <PRED> dbo:cinematography <OBJ> dbr:Arthur_Martinelli <EOT>,<SOT> <SUBJ> dbr:$20_a_Week <PRED> dbo:distributor <OBJ> dbr:State_Rights <EOT>
<SOT> <SUBJ> dbr:$20_a_Week <PRED> dbo:starring <OBJ> <MASK> <EOT>,<SOT> <SUBJ> dbr:$20_a_Week <PRED> dbo:starring <OBJ> dbr:James_Murray_(American_actor) <EOT>
<CONTINUERDF> <SOT> <SUBJ> dbr:$20_a_Week <PRED> dbo:cinematography <OBJ> dbr:Arthur_Martinelli <EOT>,<SOT> <SUBJ> dbr:$20_a_Week <PRED> dbo:producer <OBJ> dbr:Burton_L._King <EOT>
<SOT> <SUBJ> <MASK> <PRED> dbo:writer <OBJ> dbr:L._V._Jefferson <EOT>,<SOT> <SUBJ> dbr:$20_a_Week <PRED> dbo:writer <OBJ> dbr:L._V._Jefferson <EOT>
<CONTINUERDF> <SOT> <SUBJ> dbr:$20_a_Week <PRED> dbo:cinematography <OBJ> dbr:Arthur_Martinelli <EOT>,<SOT> <SUBJ> dbr:$20_a_Week <PRED> dbo:editing <OBJ> dbr:Fred_Bain <EOT>
"<Text2RDF> $30,000 is a 1920 American silent mystery film directed by Ernest C. Warde and starring J. Warren Kerrigan, Fritzi Brunette and Carl Stockdale.","<SOT> <SUBJ> dbr:$30,000 <PRED> dbo:cinematography <OBJ> dbr:Arthur_L._Todd <EOT> <SOT> <SUBJ> dbr:$30,000 <PRED> dbo:director <OBJ> dbr:Ernest_C._Warde <EOT> <SOT> <SUBJ> dbr:$30,000 <PRED> dbo:distributor <OBJ> dbr:Pathé_Exchange <EOT> <SOT> <SUBJ> dbr:$30,000 <PRED> dbo:distributor <OBJ> dbr:Hodkinson_Pictures <EOT> <SOT> <SUBJ> dbr:$30,000 <PRED> dbo:language <OBJ> dbr:Intertitle <EOT> <SOT> <SUBJ> dbr:$30,000 <PRED> dbo:language <OBJ> dbr:Silent_film <EOT> <SOT> <SUBJ> dbr:$30,000 <PRED> dbo:starring <OBJ> dbr:Carl_Stockdale <EOT> <SOT> <SUBJ> dbr:$30,000 <PRED> dbo:starring <OBJ> dbr:Fritzi_Brunette <EOT> <SOT> <SUBJ> dbr:$30,000 <PRED> dbo:starring <OBJ> dbr:J._Warren_Kerrigan <EOT> <SOT> <SUBJ> dbr:$30,000 <PRED> dbo:writer <OBJ> dbr:Jack_Cunningham_(screenwriter) <EOT> <SOT> <SUBJ> dbr:$30,000 <PRED> dbo:writer <OBJ> dbr:H.B._Daniel <EOT>"
"<RDF2Text> <SOT> <SUBJ> dbr:$30,000 <PRED> dbo:cinematography <OBJ> dbr:Arthur_L._Todd <EOT> <SOT> <SUBJ> dbr:$30,000 <PRED> dbo:director <OBJ> dbr:Ernest_C._Warde <EOT> <SOT> <SUBJ> dbr:$30,000 <PRED> dbo:distributor <OBJ> dbr:Pathé_Exchange <EOT> <SOT> <SUBJ> dbr:$30,000 <PRED> dbo:distributor <OBJ> dbr:Hodkinson_Pictures <EOT> <SOT> <SUBJ> dbr:$30,000 <PRED> dbo:language <OBJ> dbr:Intertitle <EOT> <SOT> <SUBJ> dbr:$30,000 <PRED> dbo:language <OBJ> dbr:Silent_film <EOT> <SOT> <SUBJ> dbr:$30,000 <PRED> dbo:starring <OBJ> dbr:Carl_Stockdale <EOT> <SOT> <SUBJ> dbr:$30,000 <PRED> dbo:starring <OBJ> dbr:Fritzi_Brunette <EOT> <SOT> <SUBJ> dbr:$30,000 <PRED> dbo:starring <OBJ> dbr:J._Warren_Kerrigan <EOT> <SOT> <SUBJ> dbr:$30,000 <PRED> dbo:writer <OBJ> dbr:Jack_Cunningham_(screenwriter) <EOT> <SOT> <SUBJ> dbr:$30,000 <PRED> dbo:writer <OBJ> dbr:H.B._Daniel <EOT>","$30,000 is a 1920 American silent mystery film directed by Ernest C. Warde and starring J. Warren Kerrigan, Fritzi Brunette and Carl Stockdale."
"<SOT> <SUBJ> dbr:$30,000 <PRED> dbo:cinematography <OBJ> <MASK> <EOT>","<SOT> <SUBJ> dbr:$30,000 <PRED> dbo:cinematography <OBJ> dbr:Arthur_L._Todd <EOT>"
"<CONTINUERDF> <SOT> <SUBJ> dbr:$30,000 <PRED> dbo:cinematography <OBJ> dbr:Arthur_L._Todd <EOT>","<SOT> <SUBJ> dbr:$30,000 <PRED> dbo:language <OBJ> dbr:Silent_film <EOT>"
"<SOT> <SUBJ> dbr:$30,000 <PRED> <MASK> <OBJ> dbr:Ernest_C._Warde <EOT>","<SOT> <SUBJ> dbr:$30,000 <PRED> dbo:director <OBJ> dbr:Ernest_C._Warde <EOT>"
"<CONTINUERDF> <SOT> <SUBJ> dbr:$30,000 <PRED> dbo:writer <OBJ> dbr:H.B._Daniel <EOT>","<SOT> <SUBJ> dbr:$30,000 <PRED> dbo:director <OBJ> dbr:Ernest_C._Warde <EOT>"
"<SOT> <SUBJ> dbr:$30,000 <PRED> dbo:distributor <OBJ> <MASK> <EOT>","<SOT> <SUBJ> dbr:$30,000 <PRED> dbo:distributor <OBJ> dbr:Pathé_Exchange <EOT>"
"<CONTINUERDF> <SOT> <SUBJ> dbr:$30,000 <PRED> dbo:cinematography <OBJ> dbr:Arthur_L._Todd <EOT>","<SOT> <SUBJ> dbr:$30,000 <PRED> dbo:language <OBJ> dbr:Silent_film <EOT>"
<SOT> <SUBJ> <MASK> <PRED> dbo:distributor <OBJ> dbr:Hodkinson_Pictures <EOT>,"<SOT> <SUBJ> dbr:$30,000 <PRED> dbo:distributor <OBJ> dbr:Hodkinson_Pictures <EOT>"
"<CONTINUERDF> <SOT> <SUBJ> dbr:$30,000 <PRED> dbo:director <OBJ> dbr:Ernest_C._Warde <EOT>","<SOT> <SUBJ> dbr:$30,000 <PRED> dbo:starring <OBJ> dbr:Fritzi_Brunette <EOT>"
<SOT> <SUBJ> <MASK> <PRED> dbo:language <OBJ> dbr:Intertitle <EOT>,"<SOT> <SUBJ> dbr:$30,000 <PRED> dbo:language <OBJ> dbr:Intertitle <EOT>"
"<SOT> <SUBJ> dbr:$30,000 <PRED> <MASK> <OBJ> <MASK> <EOT>","<SOT> <SUBJ> dbr:$30,000 <PRED> dbo:language <OBJ> dbr:Intertitle <EOT>"
"<CONTINUERDF> <SOT> <SUBJ> dbr:$30,000 <PRED> dbo:starring <OBJ> dbr:J._Warren_Kerrigan <EOT>","<SOT> <SUBJ> dbr:$30,000 <PRED> dbo:starring <OBJ> dbr:Fritzi_Brunette <EOT>"
"<SOT> <SUBJ> dbr:$30,000 <PRED> dbo:language <OBJ> <MASK> <EOT>","<SOT> <SUBJ> dbr:$30,000 <PRED> dbo:language <OBJ> dbr:Silent_film <EOT>"
"<CONTINUERDF> <SOT> <SUBJ> dbr:$30,000 <PRED> dbo:language <OBJ> dbr:Silent_film <EOT>","<SOT> <SUBJ> dbr:$30,000 <PRED> dbo:distributor <OBJ> dbr:Hodkinson_Pictures <EOT>"
"<SOT> <SUBJ> dbr:$30,000 <PRED> <MASK> <OBJ> dbr:Carl_Stockdale <EOT>","<SOT> <SUBJ> dbr:$30,000 <PRED> dbo:starring <OBJ> dbr:Carl_Stockdale <EOT>"
"<CONTINUERDF> <SOT> <SUBJ> dbr:$30,000 <PRED> dbo:writer <OBJ> dbr:H.B._Daniel <EOT>","<SOT> <SUBJ> dbr:$30,000 <PRED> dbo:language <OBJ> dbr:Silent_film <EOT>"
<SOT> <SUBJ> <MASK> <PRED> dbo:starring <OBJ> dbr:Fritzi_Brunette <EOT>,"<SOT> <SUBJ> dbr:$30,000 <PRED> dbo:starring <OBJ> dbr:Fritzi_Brunette <EOT>"
"<CONTINUERDF> <SOT> <SUBJ> dbr:$30,000 <PRED> dbo:distributor <OBJ> dbr:Pathé_Exchange <EOT>","<SOT> <SUBJ> dbr:$30,000 <PRED> dbo:cinematography <OBJ> dbr:Arthur_L._Todd <EOT>"
"<SOT> <SUBJ> dbr:$30,000 <PRED> dbo:starring <OBJ> <MASK> <EOT>","<SOT> <SUBJ> dbr:$30,000 <PRED> dbo:starring <OBJ> dbr:J._Warren_Kerrigan <EOT>"
"<CONTINUERDF> <SOT> <SUBJ> dbr:$30,000 <PRED> dbo:language <OBJ> dbr:Intertitle <EOT>","<SOT> <SUBJ> dbr:$30,000 <PRED> dbo:director <OBJ> dbr:Ernest_C._Warde <EOT>"
"<SOT> <SUBJ> dbr:$30,000 <PRED> <MASK> <OBJ> dbr:Jack_Cunningham_(screenwriter) <EOT>","<SOT> <SUBJ> dbr:$30,000 <PRED> dbo:writer <OBJ> dbr:Jack_Cunningham_(screenwriter) <EOT>"
"<CONTINUERDF> <SOT> <SUBJ> dbr:$30,000 <PRED> dbo:starring <OBJ> dbr:J._Warren_Kerrigan <EOT>","<SOT> <SUBJ> dbr:$30,000 <PRED> dbo:distributor <OBJ> dbr:Pathé_Exchange <EOT>"
"<SOT> <SUBJ> dbr:$30,000 <PRED> <MASK> <OBJ> dbr:H.B._Daniel <EOT>","<SOT> <SUBJ> dbr:$30,000 <PRED> dbo:writer <OBJ> dbr:H.B._Daniel <EOT>"
"<CONTINUERDF> <SOT> <SUBJ> dbr:$30,000 <PRED> dbo:distributor <OBJ> dbr:Hodkinson_Pictures <EOT>","<SOT> <SUBJ> dbr:$30,000 <PRED> dbo:language <OBJ> dbr:Silent_film <EOT>"
"<Text2RDF> $50,000 Reward is a 1924 American silent Western film directed by Clifford S. Elfelt and starring Ken Maynard, Esther Ralston and Bert Lindley.","<SOT> <SUBJ> dbr:$50,000_Reward <PRED> dbo:cinematography <OBJ> dbr:Bert_Longenecker <EOT> <SOT> <SUBJ> dbr:$50,000_Reward <PRED> dbo:director <OBJ> dbr:Clifford_S._Elfelt <EOT> <SOT> <SUBJ> dbr:$50,000_Reward <PRED> dbo:language <OBJ> dbr:Silent_film <EOT> <SOT> <SUBJ> dbr:$50,000_Reward <PRED> dbo:producer <OBJ> dbr:Clifford_S._Elfelt <EOT> <SOT> <SUBJ> dbr:$50,000_Reward <PRED> dbo:starring <OBJ> dbr:Esther_Ralston <EOT> <SOT> <SUBJ> dbr:$50,000_Reward <PRED> dbo:starring <OBJ> dbr:Ken_Maynard <EOT> <SOT> <SUBJ> dbr:$50,000_Reward <PRED> dbo:writer <OBJ> dbr:Frank_Howard_Clark <EOT>"
"<RDF2Text> <SOT> <SUBJ> dbr:$50,000_Reward <PRED> dbo:cinematography <OBJ> dbr:Bert_Longenecker <EOT> <SOT> <SUBJ> dbr:$50,000_Reward <PRED> dbo:director <OBJ> dbr:Clifford_S._Elfelt <EOT> <SOT> <SUBJ> dbr:$50,000_Reward <PRED> dbo:language <OBJ> dbr:Silent_film <EOT> <SOT> <SUBJ> dbr:$50,000_Reward <PRED> dbo:producer <OBJ> dbr:Clifford_S._Elfelt <EOT> <SOT> <SUBJ> dbr:$50,000_Reward <PRED> dbo:starring <OBJ> dbr:Esther_Ralston <EOT> <SOT> <SUBJ> dbr:$50,000_Reward <PRED> dbo:starring <OBJ> dbr:Ken_Maynard <EOT> <SOT> <SUBJ> dbr:$50,000_Reward <PRED> dbo:writer <OBJ> dbr:Frank_Howard_Clark <EOT>","$50,000 Reward is a 1924 American silent Western film directed by Clifford S. Elfelt and starring Ken Maynard, Esther Ralston and Bert Lindley."
"<SOT> <SUBJ> dbr:$50,000_Reward <PRED> <MASK> <OBJ> dbr:Bert_Longenecker <EOT>","<SOT> <SUBJ> dbr:$50,000_Reward <PRED> dbo:cinematography <OBJ> dbr:Bert_Longenecker <EOT>"
"<CONTINUERDF> <SOT> <SUBJ> dbr:$50,000_Reward <PRED> dbo:language <OBJ> dbr:Silent_film <EOT>","<SOT> <SUBJ> dbr:$50,000_Reward <PRED> dbo:cinematography <OBJ> dbr:Bert_Longenecker <EOT>"
<SOT> <SUBJ> <MASK> <PRED> dbo:director <OBJ> dbr:Clifford_S._Elfelt <EOT>,"<SOT> <SUBJ> dbr:$50,000_Reward <PRED> dbo:director <OBJ> dbr:Clifford_S._Elfelt <EOT>"
"<CONTINUERDF> <SOT> <SUBJ> dbr:$50,000_Reward <PRED> dbo:writer <OBJ> dbr:Frank_Howard_Clark <EOT>","<SOT> <SUBJ> dbr:$50,000_Reward <PRED> dbo:cinematography <OBJ> dbr:Bert_Longenecker <EOT>"
"<SOT> <SUBJ> dbr:$50,000_Reward <PRED> <MASK> <OBJ> dbr:Silent_film <EOT>","<SOT> <SUBJ> dbr:$50,000_Reward <PRED> dbo:language <OBJ> dbr:Silent_film <EOT>"
<SOT> <SUBJ> <MASK> <PRED> <MASK> <OBJ> dbr:Silent_film <EOT>,"<SOT> <SUBJ> dbr:$50,000_Reward <PRED> dbo:language <OBJ> dbr:Silent_film <EOT>"
"<CONTINUERDF> <SOT> <SUBJ> dbr:$50,000_Reward <PRED> dbo:cinematography <OBJ> dbr:Bert_Longenecker <EOT>","<SOT> <SUBJ> dbr:$50,000_Reward <PRED> dbo:writer <OBJ> dbr:Frank_Howard_Clark <EOT>"
"<SOT> <SUBJ> dbr:$50,000_Reward <PRED> <MASK> <OBJ> dbr:Clifford_S._Elfelt <EOT>","<SOT> <SUBJ> dbr:$50,000_Reward <PRED> dbo:producer <OBJ> dbr:Clifford_S._Elfelt <EOT>"
<SOT> <SUBJ> <MASK> <PRED> dbo:producer <OBJ> <MASK> <EOT>,"<SOT> <SUBJ> dbr:$50,000_Reward <PRED> dbo:producer <OBJ> dbr:Clifford_S._Elfelt <EOT>"
"<CONTINUERDF> <SOT> <SUBJ> dbr:$50,000_Reward <PRED> dbo:producer <OBJ> dbr:Clifford_S._Elfelt <EOT>","<SOT> <SUBJ> dbr:$50,000_Reward <PRED> dbo:director <OBJ> dbr:Clifford_S._Elfelt <EOT>"
"<SOT> <SUBJ> dbr:$50,000_Reward <PRED> dbo:starring <OBJ> <MASK> <EOT>","<SOT> <SUBJ> dbr:$50,000_Reward <PRED> dbo:starring <OBJ> dbr:Esther_Ralston <EOT>"
"<CONTINUERDF> <SOT> <SUBJ> dbr:$50,000_Reward <PRED> dbo:writer <OBJ> dbr:Frank_Howard_Clark <EOT>","<SOT> <SUBJ> dbr:$50,000_Reward <PRED> dbo:language <OBJ> dbr:Silent_film <EOT>"
"<SOT> <SUBJ> dbr:$50,000_Reward <PRED> dbo:starring <OBJ> <MASK> <EOT>","<SOT> <SUBJ> dbr:$50,000_Reward <PRED> dbo:starring <OBJ> dbr:Ken_Maynard <EOT>"
<SOT> <SUBJ> <MASK> <PRED> <MASK> <OBJ> dbr:Ken_Maynard <EOT>,"<SOT> <SUBJ> dbr:$50,000_Reward <PRED> dbo:starring <OBJ> dbr:Ken_Maynard <EOT>"
"<CONTINUERDF> <SOT> <SUBJ> dbr:$50,000_Reward <PRED> dbo:starring <OBJ> dbr:Ken_Maynard <EOT>","<SOT> <SUBJ> dbr:$50,000_Reward <PRED> dbo:producer <OBJ> dbr:Clifford_S._Elfelt <EOT>"
"<SOT> <SUBJ> dbr:$50,000_Reward <PRED> <MASK> <OBJ> dbr:Frank_Howard_Clark <EOT>","<SOT> <SUBJ> dbr:$50,000_Reward <PRED> dbo:writer <OBJ> dbr:Frank_Howard_Clark <EOT>"
"<CONTINUERDF> <SOT> <SUBJ> dbr:$50,000_Reward <PRED> dbo:director <OBJ> dbr:Clifford_S._Elfelt <EOT>","<SOT> <SUBJ> dbr:$50,000_Reward <PRED> dbo:language <OBJ> dbr:Silent_film <EOT>"
"<Text2RDF> $9.99 is a 2008 Australian stop-motion adult animated drama film written and directed by Tatia Rosenthal, with the screenplay by Etgar Keret. The film marks the third collaboration between Rosenthal and Keret. It features a voice cast of Geoffrey Rush, Samuel Johnson, Anthony LaPaglia, Joel Edgerton, Ben Mendelsohn, and Claudia Karvan.",<SOT> <SUBJ> dbr:$9.99 <PRED> dbo:country <OBJ> dbr:Australia <EOT> <SOT> <SUBJ> dbr:$9.99 <PRED> dbo:director <OBJ> dbr:Tatia_Rosenthal <EOT> <SOT> <SUBJ> dbr:$9.99 <PRED> dbo:distributor <OBJ> dbr:Icon_Productions <EOT> <SOT> <SUBJ> dbr:$9.99 <PRED> dbo:musicComposer <OBJ> dbr:Christopher_Bowen <EOT> <SOT> <SUBJ> dbr:$9.99 <PRED> dbo:starring <OBJ> dbr:Geoffrey_Rush <EOT> <SOT> <SUBJ> dbr:$9.99 <PRED> dbo:starring <OBJ> dbr:Anthony_LaPaglia <EOT> <SOT> <SUBJ> dbr:$9.99 <PRED> dbo:writer <OBJ> dbr:Tatia_Rosenthal <EOT> <SOT> <SUBJ> dbr:$9.99 <PRED> dbo:writer <OBJ> dbr:Etgar_Keret <EOT>
<RDF2Text> <SOT> <SUBJ> dbr:$9.99 <PRED> dbo:country <OBJ> dbr:Australia <EOT> <SOT> <SUBJ> dbr:$9.99 <PRED> dbo:director <OBJ> dbr:Tatia_Rosenthal <EOT> <SOT> <SUBJ> dbr:$9.99 <PRED> dbo:distributor <OBJ> dbr:Icon_Productions <EOT> <SOT> <SUBJ> dbr:$9.99 <PRED> dbo:musicComposer <OBJ> dbr:Christopher_Bowen <EOT> <SOT> <SUBJ> dbr:$9.99 <PRED> dbo:starring <OBJ> dbr:Geoffrey_Rush <EOT> <SOT> <SUBJ> dbr:$9.99 <PRED> dbo:starring <OBJ> dbr:Anthony_LaPaglia <EOT> <SOT> <SUBJ> dbr:$9.99 <PRED> dbo:writer <OBJ> dbr:Tatia_Rosenthal <EOT> <SOT> <SUBJ> dbr:$9.99 <PRED> dbo:writer <OBJ> dbr:Etgar_Keret <EOT>,"$9.99 is a 2008 Australian stop-motion adult animated drama film written and directed by Tatia Rosenthal, with the screenplay by Etgar Keret. The film marks the third collaboration between Rosenthal and Keret. It features a voice cast of Geoffrey Rush, Samuel Johnson, Anthony LaPaglia, Joel Edgerton, Ben Mendelsohn, and Claudia Karvan."
<SOT> <SUBJ> <MASK> <PRED> dbo:country <OBJ> dbr:Australia <EOT>,<SOT> <SUBJ> dbr:$9.99 <PRED> dbo:country <OBJ> dbr:Australia <EOT>
<CONTINUERDF> <SOT> <SUBJ> dbr:$9.99 <PRED> dbo:director <OBJ> dbr:Tatia_Rosenthal <EOT>,<SOT> <SUBJ> dbr:$9.99 <PRED> dbo:musicComposer <OBJ> dbr:Christopher_Bowen <EOT>
<SOT> <SUBJ> dbr:$9.99 <PRED> dbo:director <OBJ> <MASK> <EOT>,<SOT> <SUBJ> dbr:$9.99 <PRED> dbo:director <OBJ> dbr:Tatia_Rosenthal <EOT>
<CONTINUERDF> <SOT> <SUBJ> dbr:$9.99 <PRED> dbo:starring <OBJ> dbr:Geoffrey_Rush <EOT>,<SOT> <SUBJ> dbr:$9.99 <PRED> dbo:distributor <OBJ> dbr:Icon_Productions <EOT>
<SOT> <SUBJ> dbr:$9.99 <PRED> <MASK> <OBJ> dbr:Icon_Productions <EOT>,<SOT> <SUBJ> dbr:$9.99 <PRED> dbo:distributor <OBJ> dbr:Icon_Productions <EOT>
<CONTINUERDF> <SOT> <SUBJ> dbr:$9.99 <PRED> dbo:country <OBJ> dbr:Australia <EOT>,<SOT> <SUBJ> dbr:$9.99 <PRED> dbo:director <OBJ> dbr:Tatia_Rosenthal <EOT>
<SOT> <SUBJ> <MASK> <PRED> dbo:musicComposer <OBJ> dbr:Christopher_Bowen <EOT>,<SOT> <SUBJ> dbr:$9.99 <PRED> dbo:musicComposer <OBJ> dbr:Christopher_Bowen <EOT>
<CONTINUERDF> <SOT> <SUBJ> dbr:$9.99 <PRED> dbo:distributor <OBJ> dbr:Icon_Productions <EOT>,<SOT> <SUBJ> dbr:$9.99 <PRED> dbo:director <OBJ> dbr:Tatia_Rosenthal <EOT>
<SOT> <SUBJ> dbr:$9.99 <PRED> dbo:starring <OBJ> <MASK> <EOT>,<SOT> <SUBJ> dbr:$9.99 <PRED> dbo:starring <OBJ> dbr:Geoffrey_Rush <EOT>
<CONTINUERDF> <SOT> <SUBJ> dbr:$9.99 <PRED> dbo:musicComposer <OBJ> dbr:Christopher_Bowen <EOT>,<SOT> <SUBJ> dbr:$9.99 <PRED> dbo:country <OBJ> dbr:Australia <EOT>
<SOT> <SUBJ> dbr:$9.99 <PRED> dbo:starring <OBJ> <MASK> <EOT>,<SOT> <SUBJ> dbr:$9.99 <PRED> dbo:starring <OBJ> dbr:Anthony_LaPaglia <EOT>
<CONTINUERDF> <SOT> <SUBJ> dbr:$9.99 <PRED> dbo:country <OBJ> dbr:Australia <EOT>,<SOT> <SUBJ> dbr:$9.99 <PRED> dbo:writer <OBJ> dbr:Etgar_Keret <EOT>
<SOT> <SUBJ> <MASK> <PRED> dbo:writer <OBJ> dbr:Tatia_Rosenthal <EOT>,<SOT> <SUBJ> dbr:$9.99 <PRED> dbo:writer <OBJ> dbr:Tatia_Rosenthal <EOT>
<SOT> <SUBJ> <MASK> <PRED> <MASK> <OBJ> dbr:Tatia_Rosenthal <EOT>,<SOT> <SUBJ> dbr:$9.99 <PRED> dbo:writer <OBJ> dbr:Tatia_Rosenthal <EOT>
<CONTINUERDF> <SOT> <SUBJ> dbr:$9.99 <PRED> dbo:distributor <OBJ> dbr:Icon_Productions <EOT>,<SOT> <SUBJ> dbr:$9.99 <PRED> dbo:writer <OBJ> dbr:Tatia_Rosenthal <EOT>
<SOT> <SUBJ> <MASK> <PRED> dbo:writer <OBJ> dbr:Etgar_Keret <EOT>,<SOT> <SUBJ> dbr:$9.99 <PRED> dbo:writer <OBJ> dbr:Etgar_Keret <EOT>
<CONTINUERDF> <SOT> <SUBJ> dbr:$9.99 <PRED> dbo:writer <OBJ> dbr:Tatia_Rosenthal <EOT>,<SOT> <SUBJ> dbr:$9.99 <PRED> dbo:starring <OBJ> dbr:Geoffrey_Rush <EOT>
